Class,Sample,Feature1,Feature2
1,1,1.76405235,0.40015721
1,2,1.86755799,-0.97727788
1,3,-0.10321885,0.4105985
2,1,0.76103773,0.12167502
2,2,1.49407907,-0.20515826
2,3,-2.55298982,0.6536186
