Class,Sample,Feature1,Feature2,Feature3,Feature4
1,1,1.76405235,0.40015721,0.97873798,2.2408932
1,2,1.86755799,-0.97727788,0.95008842,-0.15135721
1,3,-0.10321885,0.4105985,0.14404357,1.45427351
2,1,0.76103773,0.12167502,0.44386323,0.33367433
2,2,1.49407907,-0.20515826,0.3130677,-0.85409574
2,3,-2.55298982,0.6536186,0.8644362,-0.74216502
