Class,sepal.length,sepal.width,petal.length,petal.width
Versicolor,0.472222222,0.291666667,0.694915254,0.625
Virginica,0.555555556,0.333333333,0.694915254,0.583333333
